<?xml version="1.0" encoding="utf-8"?>
<extension type="module" version="4.0" method="upgrade" client="site">
    <name>mod_allvideosharesearch</name>
    <creationDate>June 2023</creationDate>
    <copyright>Copyright (c) 2012 - 2023 Vinoth Kumar. All Rights Reserved.</copyright>
    <license>GNU General Public License version 2 or later; see LICENSE.txt</license>
    <author>Vinoth Kumar</author>
    <authorEmail>admin@mrvinoth.com</authorEmail>
    <authorUrl>https://allvideoshare.mrvinoth.com/</authorUrl>
    <version>4.2.1</version>
    <description>MOD_ALLVIDEOSHARESEARCH_XML_DESCRIPTION</description>
    <files>
        <filename module="mod_allvideosharesearch">mod_allvideosharesearch.php</filename>
		<filename>index.html</filename>
        <folder>tmpl</folder>
    </files>
    <languages folder="language">        
		<language tag="en-GB">en-GB/mod_allvideosharesearch.ini</language>
		<language tag="en-GB">en-GB/mod_allvideosharesearch.sys.ini</language>
    </languages>  
    <config>
		<fields name="params">
			<fieldset name="basic">
				<field
					name="itemid"
					type="menuitem"
					filter="integer"
					default="0"
					label="MOD_ALLVIDEOSHARESEARCH_FORM_LBL_ITEMID"					
					>
					<option value="0">MOD_ALLVIDEOSHARESEARCH_FORM_OPTION_ITEMID_NONE</option>
				</field>
			</fieldset>
			
			<fieldset name="advanced">
			    <field
					name="moduleclass_sfx"
					type="textarea"
					validate="CssIdentifier"
					rows="3"
					label="COM_MODULES_FIELD_MODULECLASS_SFX_LABEL"
				/>
			</fieldset>
		</fields>
	</config>  
</extension>
