<?xml version="1.0" encoding="utf-8"?>
<extension type="module" version="4.0" method="upgrade" client="site">
    <name>mod_allvideoshareyoutube</name>
    <creationDate>June 2023</creationDate>
    <copyright>Copyright (c) 2012 - 2023 Vinoth Kumar. All Rights Reserved.</copyright>
    <license>GNU General Public License version 2 or later; see LICENSE.txt</license>
    <author>Vinoth Kumar</author>
    <authorEmail>admin@mrvinoth.com</authorEmail>
    <authorUrl>https://allvideoshare.mrvinoth.com/</authorUrl>
    <version>4.2.1</version>
    <description>MOD_ALLVIDEOSHAREYOUTUBE_XML_DESCRIPTION</description>
    <namespace path="src">MrVinoth\Module\AllVideoShareYouTube</namespace>    
    <files>
        <filename module="mod_allvideoshareyoutube">mod_allvideoshareyoutube.php</filename>
        <filename>index.html</filename>
    </files>
    <languages folder="language">        
		<language tag="en-GB">en-GB/mod_allvideoshareyoutube.ini</language>
		<language tag="en-GB">en-GB/mod_allvideoshareyoutube.sys.ini</language>
    </languages>
    <config>
        <fields name="params">
            <fieldset name="basic" addfieldprefix="MrVinoth\Component\AllVideoShare\Administrator\Field">
                <field
                    name="type" 
                    type="list"
                    label="MOD_ALLVIDEOSHAREYOUTUBE_FORM_LBL_TYPE"
                    description="MOD_ALLVIDEOSHAREYOUTUBE_FORM_DESC_TYPE"
                    >
                    <option value="playlist">MOD_ALLVIDEOSHAREYOUTUBE_FORM_OPTION_TYPE_PLAYLIST</option>
                    <option value="channel">MOD_ALLVIDEOSHAREYOUTUBE_FORM_OPTION_TYPE_CHANNEL</option>
                    <option value="username">MOD_ALLVIDEOSHAREYOUTUBE_FORM_OPTION_TYPE_USERNAME</option>
                    <option value="search">MOD_ALLVIDEOSHAREYOUTUBE_FORM_OPTION_TYPE_SEARCH</option>
                    <option value="video">MOD_ALLVIDEOSHAREYOUTUBE_FORM_OPTION_TYPE_VIDEO</option>
                    <option value="livestream">MOD_ALLVIDEOSHAREYOUTUBE_FORM_OPTION_TYPE_LIVESTREAM</option>
                    <option value="videos">MOD_ALLVIDEOSHAREYOUTUBE_FORM_OPTION_TYPE_VIDEOS</option>
                </field>

                <field 
                    name="playlist"                     
                    type="text" 
                    filter="string" 
                    default="" 
                    label="MOD_ALLVIDEOSHAREYOUTUBE_FORM_LBL_PLAYLIST" 
                    description="MOD_ALLVIDEOSHAREYOUTUBE_FORM_DESC_PLAYLIST" 
                    showon="type:playlist"
                />

                <field 
                    name="channel"                     
                    type="text" 
                    filter="string" 
                    default="" 
                    label="MOD_ALLVIDEOSHAREYOUTUBE_FORM_LBL_CHANNEL" 
                    description="MOD_ALLVIDEOSHAREYOUTUBE_FORM_DESC_CHANNEL" 
                    showon="type:channel,livestream"
                />

                <field 
                    name="username"                     
                    type="text" 
                    filter="string" 
                    default="" 
                    label="MOD_ALLVIDEOSHAREYOUTUBE_FORM_LBL_USERNAME" 
                    description="MOD_ALLVIDEOSHAREYOUTUBE_FORM_DESC_USERNAME" 
                    showon="type:username"
                />

                <field 
                    name="search"                     
                    type="text" 
                    filter="string" 
                    default="" 
                    label="MOD_ALLVIDEOSHAREYOUTUBE_FORM_LBL_SEARCH" 
                    description="MOD_ALLVIDEOSHAREYOUTUBE_FORM_DESC_SEARCH" 
                    showon="type:search"
                />                

                <field 
                    name="video"                     
                    type="text" 
                    filter="string" 
                    default="" 
                    label="MOD_ALLVIDEOSHAREYOUTUBE_FORM_LBL_VIDEO" 
                    description="MOD_ALLVIDEOSHAREYOUTUBE_FORM_DESC_VIDEO" 
                    showon="type:video"
                />

                <field 
                    name="videos"                     
                    type="textarea"
                    rows="5" 
                    default="" 
                    label="MOD_ALLVIDEOSHAREYOUTUBE_FORM_LBL_VIDEOS" 
                    description="MOD_ALLVIDEOSHAREYOUTUBE_FORM_DESC_VIDEOS" 
                    hint="MOD_ALLVIDEOSHAREYOUTUBE_FORM_PLACEHOLDER_VIDEOS"
                    showon="type:videos"
                />

                <field
                    name="order" 
                    type="list"
                    default="relevance"
                    label="MOD_ALLVIDEOSHAREYOUTUBE_FORM_LBL_ORDER"
                    description="MOD_ALLVIDEOSHAREYOUTUBE_FORM_DESC_ORDER"
                    showon="type:search"
                    >
                    <option value="date">MOD_ALLVIDEOSHAREYOUTUBE_FORM_OPTION_ORDER_DATE</option>
                    <option value="rating">MOD_ALLVIDEOSHAREYOUTUBE_FORM_OPTION_ORDER_RATING</option>
                    <option value="relevance">MOD_ALLVIDEOSHAREYOUTUBE_FORM_OPTION_ORDER_RELEVANCE</option>
                    <option value="title">MOD_ALLVIDEOSHAREYOUTUBE_FORM_OPTION_ORDER_TITLE</option>
                    <option value="viewCount">MOD_ALLVIDEOSHAREYOUTUBE_FORM_OPTION_ORDER_VIEWCOUNT</option>
                </field>

                <field 
                    name="limit"                     
                    type="text" 
                    filter="int" 
                    default="" 
                    label="MOD_ALLVIDEOSHAREYOUTUBE_FORM_LBL_LIMIT" 
                    description="MOD_ALLVIDEOSHAREYOUTUBE_FORM_DESC_LIMIT" 
                    showon="type:search"
                />

                <field
                    name="cache" 
                    type="list"
                    default="86400"
                    label="MOD_ALLVIDEOSHAREYOUTUBE_FORM_LBL_CACHE"
                    description="MOD_ALLVIDEOSHAREYOUTUBE_FORM_DESC_CACHE"
                    showon="type!:livestream"
                    >
                    <option value="0">MOD_ALLVIDEOSHAREYOUTUBE_FORM_OPTION_CACHE_0</option>
                    <option value="900">MOD_ALLVIDEOSHAREYOUTUBE_FORM_OPTION_TYPE_900</option>
                    <option value="1800">MOD_ALLVIDEOSHAREYOUTUBE_FORM_OPTION_TYPE_1800</option>
                    <option value="3600">MOD_ALLVIDEOSHAREYOUTUBE_FORM_OPTION_TYPE_3600</option>
                    <option value="86400">MOD_ALLVIDEOSHAREYOUTUBE_FORM_OPTION_TYPE_86400</option>
                    <option value="604800">MOD_ALLVIDEOSHAREYOUTUBE_FORM_OPTION_TYPE_604800</option>
                    <option value="2419200">MOD_ALLVIDEOSHAREYOUTUBE_FORM_OPTION_TYPE_2419200</option>
                </field>

                <field 
					name="spacer_gallery" 
					type="spacer" 					
					hr="true" 
				/>

                <field 
					name="note_gallery" 
					type="note" 					
					label="MOD_ALLVIDEOSHAREYOUTUBE_NOTE_GALLERY" 
					class="fw-bold"
					heading="h3"  
				/>

                <field
                    name="layout" 
                    type="list"
                    default="classic"
                    label="MOD_ALLVIDEOSHAREYOUTUBE_FORM_LBL_LAYOUT"
                    description="MOD_ALLVIDEOSHAREYOUTUBE_FORM_DESC_LAYOUT"
                    >
                    <option value="classic">MOD_ALLVIDEOSHAREYOUTUBE_FORM_OPTION_LAYOUT_CLASSIC</option>
                    <option value="inline">MOD_ALLVIDEOSHAREYOUTUBE_FORM_OPTION_LAYOUT_INLINE</option>
                    <option value="popup">MOD_ALLVIDEOSHAREYOUTUBE_FORM_OPTION_LAYOUT_POPUP</option>
                    <option value="slider">MOD_ALLVIDEOSHAREYOUTUBE_FORM_OPTION_LAYOUT_SLIDER</option>
                    <option value="playlist">MOD_ALLVIDEOSHAREYOUTUBE_FORM_OPTION_LAYOUT_PLAYLIST</option>
                </field>

                <field 
                    name="columns"                     
                    type="text" 
                    filter="int" 
                    default="3" 
                    label="MOD_ALLVIDEOSHAREYOUTUBE_FORM_LBL_COLUMNS" 
                    description="MOD_ALLVIDEOSHAREYOUTUBE_FORM_DESC_COLUMNS" 
                    showon="layout!:playlist"
                />

                <field 
                    name="per_page"                     
                    type="text" 
                    filter="int" 
                    default="12" 
                    label="MOD_ALLVIDEOSHAREYOUTUBE_FORM_LBL_PER_PAGE" 
                    description="MOD_ALLVIDEOSHAREYOUTUBE_FORM_DESC_PER_PAGE" 
                />

                <field 
                    name="image_ratio"                     
                    type="list" 
                    filter="float" 
                    default="56.25" 
                    label="MOD_ALLVIDEOSHAREYOUTUBE_FORM_LBL_IMAGE_RATIO" 
                    description="MOD_ALLVIDEOSHAREYOUTUBE_FORM_DESC_IMAGE_RATIO" 
                    >
                    <option value="56.25">16:9</option>
                    <option value="75">4:3</option>
                </field>

                <field 
					name="title" 
					type="radio" 
					buttons="true" 
					layout="joomla.form.field.radio.switcher" 
					default="1" 
					label="MOD_ALLVIDEOSHAREYOUTUBE_FORM_LBL_TITLE" 
					description="MOD_ALLVIDEOSHAREYOUTUBE_FORM_DESC_TITLE" 
					>
					<option value="0">JHIDE</option>
					<option value="1">JSHOW</option>
				</field>

                <field 
                    name="title_length"                     
                    type="text" 
                    filter="int" 
                    default="0" 
                    label="MOD_ALLVIDEOSHAREYOUTUBE_FORM_LBL_TITLE_LENGTH" 
                    description="MOD_ALLVIDEOSHAREYOUTUBE_FORM_DESC_TITLE_LENGTH" 
                />

                <field 
					name="excerpt" 
					type="radio" 
					buttons="true" 
					layout="joomla.form.field.radio.switcher" 
					default="1" 
					label="MOD_ALLVIDEOSHAREYOUTUBE_FORM_LBL_EXCERPT" 
					description="MOD_ALLVIDEOSHAREYOUTUBE_FORM_DESC_EXCERPT" 
					>
					<option value="0">JHIDE</option>
					<option value="1">JSHOW</option>
				</field>

                <field 
                    name="excerpt_length"                     
                    type="text" 
                    filter="int" 
                    default="75" 
                    label="MOD_ALLVIDEOSHAREYOUTUBE_FORM_LBL_EXCERPT_LENGTH" 
                    description="MOD_ALLVIDEOSHAREYOUTUBE_FORM_DESC_EXCERPT_LENGTH" 
                />

                <field 
					name="pagination" 
					type="radio" 
					buttons="true" 
					layout="joomla.form.field.radio.switcher" 
					default="1" 
					label="MOD_ALLVIDEOSHAREYOUTUBE_FORM_LBL_PAGINATION" 
					description="MOD_ALLVIDEOSHAREYOUTUBE_FORM_DESC_PAGINATION" 
                    showon="layout!:slider,playlist"
					>
					<option value="0">JHIDE</option>
					<option value="1">JSHOW</option>
				</field>

                <field
                    name="pagination_type" 
                    type="list"
                    default="more"
                    label="MOD_ALLVIDEOSHAREYOUTUBE_FORM_LBL_PAGINATION_TYPE"
                    description="MOD_ALLVIDEOSHAREYOUTUBE_FORM_DESC_PAGINATION_TYPE"
                    showon="layout!:slider,playlist"
                    >
                    <option value="pager">MOD_ALLVIDEOSHAREYOUTUBE_FORM_OPTION_PAGINATION_TYPE_PAGER</option>
                    <option value="more">MOD_ALLVIDEOSHAREYOUTUBE_FORM_OPTION_PAGINATION_TYPE_MORE</option>
                </field>

                <field 
					name="arrows" 
					type="radio" 
					buttons="true" 
					layout="joomla.form.field.radio.switcher" 
					default="1" 
					label="MOD_ALLVIDEOSHAREYOUTUBE_FORM_LBL_ARROWS" 
					description="MOD_ALLVIDEOSHAREYOUTUBE_FORM_DESC_ARROWS" 
                    showon="layout:slider"
					>
					<option value="0">JNO</option>
					<option value="1">JYES</option>
				</field>

                <field 
                    name="arrow_size"                     
                    type="text" 
                    filter="int" 
                    default="24" 
                    label="MOD_ALLVIDEOSHAREYOUTUBE_FORM_LBL_ARROW_SIZE" 
                    description="MOD_ALLVIDEOSHAREYOUTUBE_FORM_DESC_ARROW_SIZE" 
                    showon="layout:slider"
                />

                <field 
					name="arrow_bg_color" 
					type="color" 
					default="#0088cc" 
					label="MOD_ALLVIDEOSHAREYOUTUBE_FORM_LBL_ARROW_BG_COLOR" 
					description="MOD_ALLVIDEOSHAREYOUTUBE_FORM_DESC_ARROW_BG_COLOR" 
                    showon="layout:slider"
				/>

                <field 
					name="arrow_icon_color" 
					type="color" 
					default="#ffffff" 
					label="MOD_ALLVIDEOSHAREYOUTUBE_FORM_LBL_ARROW_ICON_COLOR" 
					description="MOD_ALLVIDEOSHAREYOUTUBE_FORM_DESC_ARROW_ICON_COLOR" 
                    showon="layout:slider"
				/>

                <field 
                    name="arrow_radius"                     
                    type="text" 
                    filter="int" 
                    default="12" 
                    label="MOD_ALLVIDEOSHAREYOUTUBE_FORM_LBL_ARROW_RADIUS" 
                    description="MOD_ALLVIDEOSHAREYOUTUBE_FORM_DESC_ARROW_RADIUS" 
                    showon="layout:slider"
                />

                <field 
                    name="arrow_top_offset"                     
                    type="text" 
                    filter="int" 
                    default="30" 
                    label="MOD_ALLVIDEOSHAREYOUTUBE_FORM_LBL_ARROW_TOP_OFFSET" 
                    description="MOD_ALLVIDEOSHAREYOUTUBE_FORM_DESC_ARROW_TOP_OFFSET" 
                    showon="layout:slider"
                />

                <field 
                    name="arrow_left_offset"                     
                    type="text" 
                    filter="int" 
                    default="-25" 
                    label="MOD_ALLVIDEOSHAREYOUTUBE_FORM_LBL_ARROW_LEFT_OFFSET" 
                    description="MOD_ALLVIDEOSHAREYOUTUBE_FORM_DESC_ARROW_LEFT_OFFSET" 
                    showon="layout:slider"
                />

                <field 
                    name="arrow_right_offset"                     
                    type="text" 
                    filter="int" 
                    default="-25" 
                    label="MOD_ALLVIDEOSHAREYOUTUBE_FORM_LBL_ARROW_RIGHT_OFFSET" 
                    description="MOD_ALLVIDEOSHAREYOUTUBE_FORM_DESC_ARROW_RIGHT_OFFSET" 
                    showon="layout:slider"
                />

                <field 
					name="dots" 
					type="radio" 
					buttons="true" 
					layout="joomla.form.field.radio.switcher" 
					default="1" 
					label="MOD_ALLVIDEOSHAREYOUTUBE_FORM_LBL_DOTS" 
					description="MOD_ALLVIDEOSHAREYOUTUBE_FORM_DESC_DOTS" 
                    showon="layout:slider"
					>
					<option value="0">JHIDE</option>
					<option value="1">JSHOW</option>
				</field> 

                <field 
                    name="dot_size"                     
                    type="text" 
                    filter="int" 
                    default="24" 
                    label="MOD_ALLVIDEOSHAREYOUTUBE_FORM_LBL_DOT_SIZE" 
                    description="MOD_ALLVIDEOSHAREYOUTUBE_FORM_DESC_DOT_SIZE" 
                    showon="layout:slider"
                />   

                <field 
					name="dot_color" 
					type="color" 
					default="#0088cc" 
					label="MOD_ALLVIDEOSHAREYOUTUBE_FORM_LBL_DOT_COLOR" 
					description="MOD_ALLVIDEOSHAREYOUTUBE_FORM_DESC_DOT_COLOR" 
                    showon="layout:slider"
				/> 

                <field
                    name="playlist_position" 
                    type="list"
                    default="right"
                    label="MOD_ALLVIDEOSHAREYOUTUBE_FORM_LBL_PLAYLIST_POSITION"
                    description="MOD_ALLVIDEOSHAREYOUTUBE_FORM_DESC_PLAYLIST_POSITION"
                    showon="layout:playlist"
                    >
                    <option value="right">MOD_ALLVIDEOSHAREYOUTUBE_FORM_OPTION_PLAYLIST_POSITION_RIGHT</option>
                    <option value="bottom">MOD_ALLVIDEOSHAREYOUTUBE_FORM_OPTION_PLAYLIST_POSITION_BOTTOM</option>
                </field>

                <field
                    name="playlist_color" 
                    type="list"
                    default="dark"
                    label="MOD_ALLVIDEOSHAREYOUTUBE_FORM_LBL_PLAYLIST_COLOR"
                    description="MOD_ALLVIDEOSHAREYOUTUBE_FORM_DESC_PLAYLIST_COLOR"
                    showon="layout:playlist"
                    >
                    <option value="light">MOD_ALLVIDEOSHAREYOUTUBE_FORM_OPTION_PLAYLIST_COLOR_LIGHT</option>
                    <option value="dark">MOD_ALLVIDEOSHAREYOUTUBE_FORM_OPTION_PLAYLIST_COLOR_DARK</option>
                </field>

                <field 
                    name="playlist_width"                     
                    type="text" 
                    filter="int" 
                    default="250" 
                    label="MOD_ALLVIDEOSHAREYOUTUBE_FORM_LBL_PLAYLIST_WIDTH" 
                    description="MOD_ALLVIDEOSHAREYOUTUBE_FORM_DESC_PLAYLIST_WIDTH" 
                    showon="layout:playlist[AND]playlist_position:right"
                /> 

                <field 
                    name="playlist_height"                     
                    type="text" 
                    filter="int" 
                    default="250" 
                    label="MOD_ALLVIDEOSHAREYOUTUBE_FORM_LBL_PLAYLIST_HEIGHT" 
                    description="MOD_ALLVIDEOSHAREYOUTUBE_FORM_DESC_PLAYLIST_HEIGHT"
                    showon="layout:playlist" 
                /> 

                <field 
					name="spacer_player" 
					type="spacer" 					
					hr="true" 
				/>

                <field 
					name="note_player" 
					type="note" 					
					label="MOD_ALLVIDEOSHAREYOUTUBE_NOTE_PLAYER" 
					class="fw-bold"
					heading="h3"  
				/> 

                <field 
                    name="player_ratio"                     
                    type="list" 
                    filter="float" 
                    default="56.25" 
                    label="MOD_ALLVIDEOSHAREYOUTUBE_FORM_LBL_PLAYER_RATIO" 
                    description="MOD_ALLVIDEOSHAREYOUTUBE_FORM_DESC_PLAYER_RATIO" 
                    showon="layout!:inline"
                    >
                    <option value="56.25">16:9</option>
                    <option value="75">4:3</option>
                </field>

                <field 
					name="player_title" 
					type="radio" 
					buttons="true" 
					layout="joomla.form.field.radio.switcher" 
					default="1" 
					label="MOD_ALLVIDEOSHAREYOUTUBE_FORM_LBL_PLAYER_TITLE" 
					description="MOD_ALLVIDEOSHAREYOUTUBE_FORM_DESC_PLAYER_TITLE" 
					>
					<option value="0">JHIDE</option>
					<option value="1">JSHOW</option>
				</field>

                <field 
					name="player_description" 
					type="radio" 
					buttons="true" 
					layout="joomla.form.field.radio.switcher" 
					default="1" 
					label="MOD_ALLVIDEOSHAREYOUTUBE_FORM_LBL_PLAYER_DESCRIPTION" 
					description="MOD_ALLVIDEOSHAREYOUTUBE_FORM_DESC_PLAYER_DESCRIPTION" 
					>
					<option value="0">JHIDE</option>
					<option value="1">JSHOW</option>
				</field> 

                <field 
					name="autoplay" 
					type="radio" 
					buttons="true" 
					layout="joomla.form.field.radio.switcher" 
					default="0" 
					label="MOD_ALLVIDEOSHAREYOUTUBE_FORM_LBL_AUTOPLAY" 
					description="MOD_ALLVIDEOSHAREYOUTUBE_FORM_DESC_AUTOPLAY" 
                    showon="layout!:inline[AND]layout!:popup"
					>
					<option value="0">JNO</option>
					<option value="1">JYES</option>
				</field>

                <field 
					name="autoadvance" 
					type="radio" 
					buttons="true" 
					layout="joomla.form.field.radio.switcher" 
					default="0" 
					label="MOD_ALLVIDEOSHAREYOUTUBE_FORM_LBL_AUTOADVANCE" 
					description="MOD_ALLVIDEOSHAREYOUTUBE_FORM_DESC_AUTOADVANCE" 
					>
					<option value="0">JNO</option>
					<option value="1">JYES</option>
				</field>

                <field 
					name="loop" 
					type="radio" 
					buttons="true" 
					layout="joomla.form.field.radio.switcher" 
					default="0" 
					label="MOD_ALLVIDEOSHAREYOUTUBE_FORM_LBL_LOOP" 
					description="MOD_ALLVIDEOSHAREYOUTUBE_FORM_DESC_LOOP" 
					>
					<option value="0">JNO</option>
					<option value="1">JYES</option>
				</field>

                <field 
					name="controls" 
					type="radio" 
					buttons="true" 
					layout="joomla.form.field.radio.switcher" 
					default="1" 
					label="MOD_ALLVIDEOSHAREYOUTUBE_FORM_LBL_CONTROLS" 
					description="MOD_ALLVIDEOSHAREYOUTUBE_FORM_DESC_CONTROLS" 
					>
					<option value="0">JHIDE</option>
					<option value="1">JSHOW</option>
				</field>  

                <field 
					name="modestbranding" 
					type="radio" 
					buttons="true" 
					layout="joomla.form.field.radio.switcher" 
					default="1" 
					label="MOD_ALLVIDEOSHAREYOUTUBE_FORM_LBL_MODESTBRANDING" 
					description="MOD_ALLVIDEOSHAREYOUTUBE_FORM_DESC_MODESTBRANDING" 
					>
					<option value="0">JNO</option>
					<option value="1">JYES</option>
				</field>

                <field 
					name="cc_load_policy" 
					type="radio" 
					buttons="true" 
					layout="joomla.form.field.radio.switcher" 
					default="0" 
					label="MOD_ALLVIDEOSHAREYOUTUBE_FORM_LBL_CC_LOAD_POLICY" 
					description="MOD_ALLVIDEOSHAREYOUTUBE_FORM_DESC_CC_LOAD_POLICY" 
					>
					<option value="0">JNO</option>
					<option value="1">JYES</option>
				</field>

                <field 
					name="iv_load_policy" 
					type="radio" 
					buttons="true" 
					layout="joomla.form.field.radio.switcher" 
					default="0" 
					label="MOD_ALLVIDEOSHAREYOUTUBE_FORM_LBL_IV_LOAD_POLICY" 
					description="MOD_ALLVIDEOSHAREYOUTUBE_FORM_DESC_IV_LOAD_POLICY" 
					>
					<option value="0">JNO</option>
					<option value="1">JYES</option>
				</field>  

                <field 
                    name="hl"                     
                    type="text" 
                    filter="string" 
                    default="" 
                    label="MOD_ALLVIDEOSHAREYOUTUBE_FORM_LBL_HL" 
                    description="MOD_ALLVIDEOSHAREYOUTUBE_FORM_DESC_HL" 
                />

                <field 
                    name="cc_lang_pref"                     
                    type="text" 
                    filter="string" 
                    default="" 
                    label="MOD_ALLVIDEOSHAREYOUTUBE_FORM_LBL_CC_LANG_PREF" 
                    description="MOD_ALLVIDEOSHAREYOUTUBE_FORM_DESC_CC_LANG_PREF" 
                />           
            </fieldset>
            
            <fieldset name="advanced">
			    <field
					name="moduleclass_sfx"
					type="textarea"
                    validate="CssIdentifier"
                    rows="3"
					label="COM_MODULES_FIELD_MODULECLASS_SFX_LABEL"					
				/>
			</fieldset>
        </fields>
    </config>
</extension>
