<?xml version="1.0" encoding="utf-8"?>
<extension type="module" version="4.0" method="upgrade" client="site">
    <name>mod_allvideosharegallery</name>
    <creationDate>June 2023</creationDate>
    <copyright>Copyright (c) 2012 - 2023 Vinoth Kumar. All Rights Reserved.</copyright>
    <license>GNU General Public License version 2 or later; see LICENSE.txt</license>
    <author>Vinoth Kumar</author>
    <authorEmail>admin@mrvinoth.com</authorEmail>
    <authorUrl>https://allvideoshare.mrvinoth.com/</authorUrl>
    <version>4.2.1</version>
    <description>MOD_ALLVIDEOSHAREGALLERY_XML_DESCRIPTION</description>
    <namespace path="src">MrVinoth\Module\AllVideoShareGallery</namespace>    
    <files>
        <filename module="mod_allvideosharegallery">mod_allvideosharegallery.php</filename>
        <filename>index.html</filename>
        <folder>src</folder>
        <folder>tmpl</folder>
    </files>
    <languages folder="language">        
		<language tag="en-GB">en-GB/mod_allvideosharegallery.ini</language>
		<language tag="en-GB">en-GB/mod_allvideosharegallery.sys.ini</language>
    </languages>
    <config>
        <fields name="params">
            <fieldset name="basic" addfieldprefix="MrVinoth\Component\AllVideoShare\Administrator\Field">
                <field
                    name="type" 
                    type="list"
                    label="MOD_ALLVIDEOSHAREGALLERY_FORM_LBL_TYPE"
                    description="MOD_ALLVIDEOSHAREGALLERY_FORM_DESC_TYPE"
                    >
                    <option value="categories">MOD_ALLVIDEOSHAREGALLERY_FORM_OPTION_TYPE_CATEGORIES</option>
                    <option value="videos">MOD_ALLVIDEOSHAREGALLERY_FORM_OPTION_TYPE_VIDEOS</option>
                </field>

                <field 
					name="category" 
                    type="nestedcategories" 
					key_field="slug" 
                    layout="joomla.form.field.list-fancy-select" 
					label="MOD_ALLVIDEOSHAREGALLERY_FORM_LBL_CATEGORY" 
					description="MOD_ALLVIDEOSHAREGALLERY_FORM_DESC_CATEGORY" 
				    >
                    <option value="">MOD_ALLVIDEOSHAREGALLERY_FORM_HEADER_SELECT_CATEGORY</option>
                </field>

                <field 
                    name="rows"                     
                    type="text" 
                    filter="int" 
                    default="3" 
                    label="MOD_ALLVIDEOSHAREGALLERY_FORM_LBL_ROWS" 
                    description="MOD_ALLVIDEOSHAREGALLERY_FORM_DESC_ROWS" 
                />

                <field 
                    name="cols"                    
                    type="text" 
                    filter="int" 
                    default="3" 
                    label="MOD_ALLVIDEOSHAREGALLERY_FORM_LBL_COLS" 
                    description="MOD_ALLVIDEOSHAREGALLERY_FORM_DESC_COLS" 
                />

                <field
                    name="orderby" 
                    type="list"
                    default="latest_by_date"
                    label="MOD_ALLVIDEOSHAREGALLERY_FORM_LBL_ORDERBY"
                    description="MOD_ALLVIDEOSHAREGALLERY_FORM_DESC_ORDERBY"
                    >
                    <option value="">MOD_ALLVIDEOSHAREGALLERY_FORM_OPTION_ORDERBY_NONE</option>                    
                    <option value="latest">MOD_ALLVIDEOSHAREGALLERY_FORM_OPTION_ORDERBY_LATEST</option>
                    <option value="latest_by_date">MOD_ALLVIDEOSHAREGALLERY_FORM_OPTION_ORDERBY_LATEST_VIDEOS_BY_DATE</option>
                    <option value="title_asc">MOD_ALLVIDEOSHAREGALLERY_FORM_OPTION_ORDERBY_TITLE_ASC</option>
                    <option value="title_desc">MOD_ALLVIDEOSHAREGALLERY_FORM_OPTION_ORDERBY_TITLE_DESC</option>
                    <option value="popular">MOD_ALLVIDEOSHAREGALLERY_FORM_OPTION_ORDERBY_POPULAR</option>
                    <option value="popular_by_ratings">MOD_ALLVIDEOSHAREGALLERY_FORM_OPTION_ORDERBY_POPULAR_BY_RATINGS</option>
                    <option value="popular_by_likes">MOD_ALLVIDEOSHAREGALLERY_FORM_OPTION_ORDERBY_POPULAR_BY_LIKES</option>
                    <option value="random">MOD_ALLVIDEOSHAREGALLERY_FORM_OPTION_ORDERBY_RANDOM</option>
                    <option value="ordering">MOD_ALLVIDEOSHAREGALLERY_FORM_OPTION_ORDERBY_ORDERING</option>
                </field>

                <field 
					name="featured" 
					type="radio" 
					buttons="true" 
					layout="joomla.form.field.radio.switcher" 
					default="0" 
					label="MOD_ALLVIDEOSHAREGALLERY_FORM_LBL_FEATURED" 
					description="MOD_ALLVIDEOSHAREGALLERY_FORM_DESC_FEATURED" 
                    showon="type:videos"
					>
					<option value="0">JNO</option>
					<option value="1">JYES</option>
				</field>                

                <field 
                    name="excerpt" 
                    type="list" 
                    label="MOD_ALLVIDEOSHAREGALLERY_FORM_LBL_EXCERPT" 
                    description="MOD_ALLVIDEOSHAREGALLERY_FORM_DESC_EXCERPT" 
                    >
                    <option value="">MOD_ALLVIDEOSHAREGALLERY_FORM_OPTION_GLOBAL</option>
                    <option value="0">JHIDE</option>
                    <option value="1">JSHOW</option>
                </field>

                <field 
                    name="category_name" 
                    type="list" 
                    label="MOD_ALLVIDEOSHAREGALLERY_FORM_LBL_CATEGORY_NAME" 
                    description="MOD_ALLVIDEOSHAREGALLERY_FORM_DESC_CATEGORY_NAME" 
                    showon="type:videos"
                    >
                    <option value="">MOD_ALLVIDEOSHAREGALLERY_FORM_OPTION_GLOBAL</option>
                    <option value="0">JHIDE</option>
                    <option value="1">JSHOW</option>
                </field>

                <field 
                    name="author_name" 
                    type="list" 
                    label="MOD_ALLVIDEOSHAREGALLERY_FORM_LBL_AUTHOR_NAME" 
                    description="MOD_ALLVIDEOSHAREGALLERY_FORM_DESC_AUTHOR_NAME" 
                    showon="type:videos"
                    >
                    <option value="">MOD_ALLVIDEOSHAREGALLERY_FORM_OPTION_GLOBAL</option>
                    <option value="0">JHIDE</option>
                    <option value="1">JSHOW</option>
                </field>

                <field 
                    name="date_added" 
                    type="list" 
                    label="MOD_ALLVIDEOSHAREGALLERY_FORM_LBL_DATE_ADDED" 
                    description="MOD_ALLVIDEOSHAREGALLERY_FORM_DESC_DATE_ADDED" 
                    showon="type:videos"
                    >
                    <option value="">MOD_ALLVIDEOSHAREGALLERY_FORM_OPTION_GLOBAL</option>
                    <option value="0">JHIDE</option>
                    <option value="1">JSHOW</option>
                </field>

                <field 
                    name="videos_count" 
                    type="list" 
                    label="MOD_ALLVIDEOSHAREGALLERY_FORM_LBL_VIDEOS_COUNT" 
                    description="MOD_ALLVIDEOSHAREGALLERY_FORM_DESC_VIDEOS_COUNT" 
                    showon="type:categories"
                    >
                    <option value="">MOD_ALLVIDEOSHAREGALLERY_FORM_OPTION_GLOBAL</option>
                    <option value="0">JHIDE</option>
                    <option value="1">JSHOW</option>
                </field>

                <field 
                    name="views" 
                    type="list" 
                    label="MOD_ALLVIDEOSHAREGALLERY_FORM_LBL_VIEWS" 
                    description="MOD_ALLVIDEOSHAREGALLERY_FORM_DESC_VIEWS" 
                    showon="type:videos"
                    >
					<option value="">MOD_ALLVIDEOSHAREGALLERY_FORM_OPTION_GLOBAL</option>
                    <option value="0">JHIDE</option>
                    <option value="1">JSHOW</option>
                </field>

                <field 
                    name="ratings" 
                    type="customlist" 
                    label="MOD_ALLVIDEOSHAREGALLERY_FORM_LBL_RATINGS" 
                    description="MOD_ALLVIDEOSHAREGALLERY_FORM_DESC_RATINGS" 
                    extension="mod_allvideosharegallery"
                    showon="type:videos"
                    >
                    <option value="">MOD_ALLVIDEOSHAREGALLERY_FORM_OPTION_GLOBAL</option>
                    <option value="0">JHIDE</option>
                    <option value="1">JSHOW</option>
                </field>

                <field 
					name="popup" 
					type="customlist" 
					label="MOD_ALLVIDEOSHAREGALLERY_FORM_LBL_POPUP" 
					description="MOD_ALLVIDEOSHAREGALLERY_FORM_DESC_POPUP" 
                    extension="mod_allvideosharegallery"
                    showon="type:videos"
					>
                    <option value="">MOD_ALLVIDEOSHAREGALLERY_FORM_OPTION_GLOBAL</option>
					<option value="0">JNO</option>
					<option value="1">JYES</option>
				</field> 

                <field 
					name="more" 
					type="radio" 
					buttons="true" 
					layout="joomla.form.field.radio.switcher" 
					default="0" 
					label="MOD_ALLVIDEOSHAREGALLERY_FORM_LBL_MORE" 
					description="MOD_ALLVIDEOSHAREGALLERY_FORM_DESC_MORE" 
					>
					<option value="0">JHIDE</option>
					<option value="1">JSHOW</option>
				</field>

                <field
					name="more_button_text"
					type="text"
					label="MOD_ALLVIDEOSHAREGALLERY_FORM_LBL_MORE_BUTTON_TEXT" 
					description="MOD_ALLVIDEOSHAREGALLERY_FORM_DESC_MORE_BUTTON_TEXT" 	
                    showon="more:1"			
				/>

                <field
					name="more_button_url"
					type="text"
                    validate="url"
					label="MOD_ALLVIDEOSHAREGALLERY_FORM_LBL_MORE_BUTTON_URL" 
					description="MOD_ALLVIDEOSHAREGALLERY_FORM_DESC_MORE_BUTTON_URL" 
                    showon="more:1"					
				/>
            </fieldset>
            
            <fieldset name="advanced">
                <field
					name="link"
					type="text"
					label="MOD_ALLVIDEOSHAREGALLERY_FORM_LBL_CUSTOM_PAGE_URL" 
					description="MOD_ALLVIDEOSHAREGALLERY_FORM_DESC_CUSTOM_PAGE_URL" 					
				/>

			    <field
					name="moduleclass_sfx"
					type="textarea"
                    validate="CssIdentifier"
                    rows="3"
					label="COM_MODULES_FIELD_MODULECLASS_SFX_LABEL"					
				/>
			</fieldset>
        </fields>
    </config>
</extension>
