<?xml version="1.0" encoding="utf-8"?>
<metadata>
    <layout title="COM_ALLVIDEOSHARE_LAYOUT_VIDEOS_TITLE" option="View">
        <message>
            <![CDATA[COM_ALLVIDEOSHARE_LAYOUT_VIDEOS_DESC]]>
        </message>
    </layout>

    <!-- Add fields to the request variables for the layout. -->
    <fields name="request">
        <fieldset name="request" addfieldprefix="MrVinoth\Component\AllVideoShare\Administrator\Field">
            <field 
                name="slg"                 
                type="video" 
                key_field="slug" 
                default=""
                label="COM_ALLVIDEOSHARE_FORM_LBL_VIDEO" 
                description="COM_ALLVIDEOSHARE_FORM_DESC_VIDEO"
                select="true"
                new="true"
                edit="true"               
            />
        </fieldset>
    </fields>

    <fields name="params">
        <fieldset name="basic" label="COM_ALLVIDEOSHARE_FIELDSET_MENU_PARAMS">
            <fieldset name="basic_general" label="COM_ALLVIDEOSHARE_FIELDSET_GENERAL"> 
                <field 
                    name="no_of_rows" 
                    type="text" 
                    filter="int"                
                    label="COM_ALLVIDEOSHARE_FORM_LBL_ROWS" 
                    description="COM_ALLVIDEOSHARE_FORM_DESC_ROWS"
                />

                <field 
                    name="no_of_cols" 
                    type="text"
                    filter="int"                  
                    label="COM_ALLVIDEOSHARE_FORM_LBL_COLS" 
                    description="COM_ALLVIDEOSHARE_FORM_DESC_COLS" 
                />

                <field 
                    name="orderby"
                    type="list"
                    default="latest"
                    label="COM_ALLVIDEOSHARE_FORM_LBL_ORDERBY"
                    description="COM_ALLVIDEOSHARE_FORM_DESC_ORDERBY"                
                    >
                    <option value="">COM_ALLVIDEOSHARE_FORM_OPTION_ORDERBY_NONE</option>
                    <option value="latest">COM_ALLVIDEOSHARE_FORM_OPTION_ORDERBY_LATEST</option>
                    <option value="latest_by_date">COM_ALLVIDEOSHARE_FORM_OPTION_ORDERBY_LATEST_BY_DATE</option>
                    <option value="title_asc">COM_ALLVIDEOSHARE_FORM_OPTION_ORDERBY_TITLE_ASC</option>
                    <option value="title_desc">COM_ALLVIDEOSHARE_FORM_OPTION_ORDERBY_TITLE_DESC</option>
                    <option value="popular">COM_ALLVIDEOSHARE_FORM_OPTION_ORDERBY_POPULAR</option>
                    <option value="popular_by_ratings">COM_ALLVIDEOSHARE_FORM_OPTION_ORDERBY_POPULAR_BY_RATINGS</option>
                    <option value="popular_by_likes">COM_ALLVIDEOSHARE_FORM_OPTION_ORDERBY_POPULAR_BY_LIKES</option>
                    <option value="random">COM_ALLVIDEOSHARE_FORM_OPTION_ORDERBY_RANDOM</option> 
                    <option value="ordering">COM_ALLVIDEOSHARE_FORM_OPTION_ORDERBY_ORDERING</option>   
                </field>

                <field 
                    name="featured" 
                    type="radio" 
                    buttons="true" 
                    layout="joomla.form.field.radio.switcher" 
                    default="0" 
                    label="COM_ALLVIDEOSHARE_FORM_LBL_VIDEO_FEATURED"
                    description="COM_ALLVIDEOSHARE_FORM_DESC_VIDEO_FEATURED" 
                    >
                    <option value="0">JNO</option>
                    <option value="1">JYES</option>
                </field>                

                <field 
                    name="excerpt" 
                    type="list" 
                    label="COM_ALLVIDEOSHARE_FORM_LBL_EXCERPT" 
                    description="COM_ALLVIDEOSHARE_FORM_DESC_EXCERPT" 
                    useglobal="true"
                    >
                    <option value="0">JHIDE</option>
                    <option value="1">JSHOW</option>
                </field>

                <field 
                    name="category_name" 
                    type="list" 
                    label="COM_ALLVIDEOSHARE_FORM_LBL_CATEGORY_NAME" 
                    description="COM_ALLVIDEOSHARE_FORM_DESC_CATEGORY_NAME" 
                    useglobal="true"
                    >
                    <option value="0">JHIDE</option>
                    <option value="1">JSHOW</option>
                </field>

                <field 
                    name="author_name" 
                    type="list" 
                    label="COM_ALLVIDEOSHARE_FORM_LBL_AUTHOR_NAME" 
                    description="COM_ALLVIDEOSHARE_FORM_DESC_AUTHOR_NAME" 
                    useglobal="true"
                    >
                    <option value="0">JHIDE</option>
                    <option value="1">JSHOW</option>
                </field>

                <field 
                    name="date_added" 
                    type="list" 
                    label="COM_ALLVIDEOSHARE_FORM_LBL_DATE_ADDED" 
                    description="COM_ALLVIDEOSHARE_FORM_DESC_DATE_ADDED" 
                    useglobal="true"
                    >
                    <option value="0">JHIDE</option>
                    <option value="1">JSHOW</option>
                </field>

                <field 
                    name="views" 
                    type="list" 
                    label="COM_ALLVIDEOSHARE_FORM_LBL_VIEWS" 
                    description="COM_ALLVIDEOSHARE_FORM_DESC_VIEWS" 
                    useglobal="true"
                    >
                    <option value="0">JHIDE</option>
                    <option value="1">JSHOW</option>
                </field>  

                <field 
                    name="ratings" 
                    type="customlist" 
                    label="COM_ALLVIDEOSHARE_FORM_LBL_RATINGS" 
                    description="COM_ALLVIDEOSHARE_FORM_DESC_RATINGS"
                    extension="com_allvideoshare" 
                    useglobal="true"
                    >
                    <option value="0">JHIDE</option>
                    <option value="1">JSHOW</option>
                </field>                

                <field 
                    name="popup" 
                    type="customlist" 
                    label="COM_ALLVIDEOSHARE_FORM_LBL_POPUP" 
                    description="COM_ALLVIDEOSHARE_FORM_DESC_POPUP" 
                    extension="com_allvideoshare"
                    useglobal="true"
                    >
                    <option value="0">JNO</option>
                    <option value="1">JYES</option>
                </field>

                <field 
                    name="show_feed" 
                    type="list" 
                    label="COM_ALLVIDEOSHARE_FORM_LBL_SHOW_FEED" 
                    useglobal="true"
                    >
                    <option value="0">JNO</option>
                    <option value="1">JYES</option>
                </field>
            </fieldset> 

            <fieldset name="basic_player_layout" label="COM_ALLVIDEOSHARE_FIELDSET_PLAYER">
                <field 
                    name="player_width"        
                    type="text" 
                    filter="string"        
                    label="COM_ALLVIDEOSHARE_FORM_LBL_PLAYER_WIDTH" 
                    description="COM_ALLVIDEOSHARE_FORM_DESC_PLAYER_WIDTH" 
                />

                <field 
                    name="player_ratio"        
                    type="text" 
                    filter="float"        
                    label="COM_ALLVIDEOSHARE_FORM_LBL_PLAYER_RATIO" 
                    description="COM_ALLVIDEOSHARE_FORM_DESC_PLAYER_RATIO" 
                />

                <field 
                    name="autoplay" 
                    type="list" 
                    label="COM_ALLVIDEOSHARE_FORM_LBL_AUTOPLAY" 
                    description="COM_ALLVIDEOSHARE_FORM_DESC_AUTOPLAY" 
                    useglobal="true"
                    >
                    <option value="0">JNO</option>
                    <option value="1">JYES</option>
                </field>

                <field 
                    name="loop" 
                    type="list" 
                    label="COM_ALLVIDEOSHARE_FORM_LBL_LOOP" 
                    description="COM_ALLVIDEOSHARE_FORM_DESC_LOOP" 
                    useglobal="true"
                    >
                    <option value="0">JNO</option>
                    <option value="1">JYES</option>
                </field>

                <field 
                    name="volume" 
                    type="integer" 
                    first="0" 
                    last="100" 
                    step="1"         
                    label="COM_ALLVIDEOSHARE_FORM_LBL_VOLUME" 
                    description="COM_ALLVIDEOSHARE_FORM_DESC_VOLUME" 
                    useglobal="true"
                        >
                </field>

                <field 
                    name="muted" 
                    type="list" 
                    label="COM_ALLVIDEOSHARE_FORM_LBL_MUTED" 
                    description="COM_ALLVIDEOSHARE_FORM_DESC_MUTED" 
                    useglobal="true"
                    >
                    <option value="0">JNO</option>
                    <option value="1">JYES</option>
                </field>

                <field 
                    name="note_player_controls" 
                    type="note" 					
                    label="COM_ALLVIDEOSHARE_FORM_NOTE_CONTROLS" 
                    class="fw-bold"
                    heading="h3" 
                />

                <field 
                    name="controlbar" 
                    type="list" 
                    label="COM_ALLVIDEOSHARE_FORM_LBL_CONTROLBAR" 
                    description="COM_ALLVIDEOSHARE_FORM_DESC_CONTROLBAR" 
                    useglobal="true"
                    >
                    <option value="0">JHIDE</option>
                    <option value="1">JSHOW</option>
                </field>   

                <field 
                    name="playlarge" 
                    type="list" 
                    label="COM_ALLVIDEOSHARE_FORM_LBL_PLAYLARGE" 
                    description="COM_ALLVIDEOSHARE_FORM_DESC_PLAYLARGE" 
                    useglobal="true"
                    >
                    <option value="0">JHIDE</option>
                    <option value="1">JSHOW</option>
                </field>

                <field 
                    name="rewind" 
                    type="list" 
                    label="COM_ALLVIDEOSHARE_FORM_LBL_REWIND" 
                    description="COM_ALLVIDEOSHARE_FORM_DESC_REWIND" 
                    useglobal="true"
                    >
                    <option value="0">JHIDE</option>
                    <option value="1">JSHOW</option>
                </field>

                <field 
                    name="play" 
                    type="list" 
                    label="COM_ALLVIDEOSHARE_FORM_LBL_PLAY" 
                    description="COM_ALLVIDEOSHARE_FORM_DESC_PLAY" 
                    useglobal="true"
                    >
                    <option value="0">JHIDE</option>
                    <option value="1">JSHOW</option>
                </field>  

                <field 
                    name="fastforward" 
                    type="list" 
                    label="COM_ALLVIDEOSHARE_FORM_LBL_FASTFORWARD" 
                    description="COM_ALLVIDEOSHARE_FORM_DESC_FASTFORWARD"
                    useglobal="true" 
                    >
                    <option value="0">JHIDE</option>
                    <option value="1">JSHOW</option>
                </field>   

                <field 
                    name="progress" 
                    type="list" 
                    label="COM_ALLVIDEOSHARE_FORM_LBL_PROGRESS" 
                    description="COM_ALLVIDEOSHARE_FORM_DESC_PROGRESS"
                    useglobal="true"
                    >
                    <option value="0">JHIDE</option>
                    <option value="1">JSHOW</option>
                </field>

                <field 
                    name="currenttime" 
                    type="list" 
                    label="COM_ALLVIDEOSHARE_FORM_LBL_CURRENTTIME" 
                    description="COM_ALLVIDEOSHARE_FORM_DESC_CURRENTTIME"
                    useglobal="true"
                    >
                    <option value="0">JHIDE</option>
                    <option value="1">JSHOW</option>
                </field>     

                <field 
                    name="duration" 
                    type="list" 
                    label="COM_ALLVIDEOSHARE_FORM_LBL_DURATION"
                    description="COM_ALLVIDEOSHARE_FORM_DESC_DURATION"  
                    useglobal="true"
                    >
                    <option value="0">JHIDE</option>
                    <option value="1">JSHOW</option>
                </field>

                <field 
                    name="volumectrl" 
                    type="list" 
                    label="COM_ALLVIDEOSHARE_FORM_LBL_VOLUMECTRL"
                    description="COM_ALLVIDEOSHARE_FORM_DESC_VOLUMECTRL"  
                    useglobal="true"
                    >
                    <option value="0">JHIDE</option>
                    <option value="1">JSHOW</option>
                </field>

                <field 
                    name="captions" 
                    type="list" 
                    label="COM_ALLVIDEOSHARE_FORM_LBL_CAPTIONS"
                    description="COM_ALLVIDEOSHARE_FORM_DESC_CAPTIONS"
                    useglobal="true"  
                    >
                    <option value="0">JHIDE</option>
                    <option value="1">JSHOW</option>
                </field>

                <field 
                    name="quality" 
                    type="list" 
                    label="COM_ALLVIDEOSHARE_FORM_LBL_QUALITY" 
                    description="COM_ALLVIDEOSHARE_FORM_DESC_QUALITY" 
                    useglobal="true"
                    >
                    <option value="0">JHIDE</option>
                    <option value="1">JSHOW</option>
                </field>

                <field 
                    name="speed" 
                    type="list" 
                    label="COM_ALLVIDEOSHARE_FORM_LBL_SPEED" 
                    description="COM_ALLVIDEOSHARE_FORM_DESC_SPEED"
                    useglobal="true"
                    >
                    <option value="0">JHIDE</option>
                    <option value="1">JSHOW</option>
                </field>

                <field 
                    name="pip" 
                    type="list" 
                    label="COM_ALLVIDEOSHARE_FORM_LBL_PIP" 
                    description="COM_ALLVIDEOSHARE_FORM_DESC_PIP"
                    useglobal="true"
                    >
                    <option value="0">JHIDE</option>
                    <option value="1">JSHOW</option>
                </field> 

                <field 
                    name="download" 
                    type="list" 
                    label="COM_ALLVIDEOSHARE_FORM_LBL_DOWNLOAD" 
                    description="COM_ALLVIDEOSHARE_FORM_DESC_DOWNLOAD"
                    useglobal="true"
                    >
                    <option value="0">JHIDE</option>
                    <option value="1">JSHOW</option>
                </field>

                <field 
                    name="fullscreen" 
                    type="list" 
                    label="COM_ALLVIDEOSHARE_FORM_LBL_FULLSCREEN" 
                    description="COM_ALLVIDEOSHARE_FORM_DESC_FULLSCREEN" 
                    useglobal="true"
                    >
                    <option value="0">JHIDE</option>
                    <option value="1">JSHOW</option>
                </field>      

                <field 
                    name="embed" 
                    type="list" 
                    label="COM_ALLVIDEOSHARE_FORM_LBL_EMBED"
                    description="COM_ALLVIDEOSHARE_FORM_DESC_EMBED"  
                    useglobal="true"
                    >
                    <option value="0">JHIDE</option>
                    <option value="1">JSHOW</option>
                </field>

                <field 
                    name="share" 
                    type="list" 
                    label="COM_ALLVIDEOSHARE_FORM_LBL_SHARE" 
                    description="COM_ALLVIDEOSHARE_FORM_DESC_SHARE" 
                    useglobal="true"
                    >
                    <option value="0">JHIDE</option>
                    <option value="1">JSHOW</option>
                </field>

                <field 
                    name="note_player_advertisements" 
                    type="note" 					
                    label="COM_ALLVIDEOSHARE_FORM_NOTE_ADVERTISEMENTS" 
                    class="fw-bold"
                    heading="h3" 
                />

                <field 
                    name="adsource" 
                    type="list" 
                    label="COM_ALLVIDEOSHARE_FORM_LBL_ADSOURCE"
                    description="COM_ALLVIDEOSHARE_FORM_DESC_ADSOURCE" 
                    useglobal="true"
                    >
                    <option value="custom">COM_ALLVIDEOSHARE_FORM_OPTION_ADSOURCE_CUSTOM</option>
                    <option value="vast">COM_ALLVIDEOSHARE_FORM_OPTION_ADSOURCE_VAST</option>
                </field>

                <field 
                    name="preroll" 
                    type="list" 
                    label="COM_ALLVIDEOSHARE_FORM_LBL_PREROLL"
                    description="COM_ALLVIDEOSHARE_FORM_DESC_PREROLL"  
                    showon="adsource:custom"
                    useglobal="true"
                    >
                    <option value="0">JNO</option>
                    <option value="1">JYES</option>
                </field>

                <field 
                    name="postroll" 
                    type="list" 
                    label="COM_ALLVIDEOSHARE_FORM_LBL_POSTROLL"
                    description="COM_ALLVIDEOSHARE_FORM_DESC_POSTROLL" 
                    showon="adsource:custom"
                    useglobal="true"
                    >
                    <option value="0">JNO</option>
                    <option value="1">JYES</option>
                </field>

                <field 
                    name="adtagurl"      
                    type="customurl" 
                    validate="url" 
                    label="COM_ALLVIDEOSHARE_FORM_LBL_ADTAGURL" 
                    description="COM_ALLVIDEOSHARE_FORM_DESC_ADTAGURL" 
                    showon="adsource:vast"
                />
            </fieldset>            
        </fieldset>
    </fields>
</metadata>